Hull altenrative,RMS response pr meter Hs,,,,,,,,,,,,,,,,,,,,
,TP1,TP2,TP3,TP4,TP5,TP6,TP7,TP8,TP9,TP10,TP11,TP12,TP13,TP14,TP15,TP16,TP17,TP18,TP19,TP20,TP21
A,0.013658751,0.013658751,0.013658751,0.013658751,0.034843034,0.075251196,0.166682873,0.310434546,0.468141454,0.611118589,0.727206571,0.815264702,0.883876051,0.950839179,1.032438755,1.131631851,1.239657266,1.345164163,1.345164163,1.345164163,1.345164163
B,0.01926979,0.01926979,0.01926979,0.01926979,0.046037044,0.096465485,0.199347666,0.363898005,0.543140309,0.70361914,0.832555022,0.929437024,1.001525606,1.062970843,1.128441334,1.20434148,1.287581853,1.370919909,1.370919909,1.370919909,1.370919909
